review,sentiment
thank u seller excited tlga ako lagi kada order ko ,positive
"good quality,di mainit ang tela at mganda suotion..pero di ito ung ORGANIC BRAND na hanap qoh. Worth it nman ang price..??",positive
Material:soft Size:correct size,positive
sorry late na nakapag-rate... as usuala maganda ang shirt.. ilang besea na rin ako naka-order sa shop na to. thanks,positive
"So nice, ang ganda ng tela. Salamat seller. Order po ulit ako, pang online class. Sa uulitin po, maraming salamat. ??",positive
"Received early! The quality is good. Its not a shirt type, its more of a womens cut as its product name says but in V-neck which is great to replace my uncomfy white uniforms in online class. I use this instead, its also perfect for PH weather. For sizing, I am petite and slim but I prefer the medium than the small one. The one in my photo is M. Difference is not really much. ",positive
not my first time buying this brand of cloth! it's very comfortable to wear??,positive
"thank you??????gustong gusto ko yung mga shirts, at ang ganda ha! naka zip lock",positive
"Ganda Po Ng tela will order again, highly recommended Po..",positive
"received item in good condition no damage correct size and color variation, nice fabric luv this shop this is my 3rd time buying on this shop will order again soon.",positive
"I love the shirt, thanks to the seller and to the rider stay safe always!????",positive
"Maganda ang tela nya ?? pure cotton, maginhawa sa katawan. Maganda din ang packaging nya. Approved ??",positive
Always buy organic products for me and my family. Super comfortable and affordable. Thank you. ,positive
I love it! My order came complete and colors are correct. good job sa store na ito at sa staff. Will definitely order again. ??,positive
thank you thank you thank you thank you thank you thank you thank you thank you thank you thank you thank you thank you thank you thank you thank you thank you thank you thank you thank you thank you thank you ,positive
Thank you po maraming salamat pi maayus at mabilis ang pagka deliver....wlang damage at ok na ok ang mga product po..God Bless more power sa store....????????????????????,positive
I highly recommend this seller and the products. The material used is the best for me so far..very comfy to the body and true to size. Seller is so generous hence ?????????? will definitely order again. This is a new addition to my list of favorites.,positive
"I received the shirt today and im satisfied?? Received it in good condition, no damages as well and right variation of size/color ,no concerns at all. The one kn the picture is medium, perfectly fits on me. I recommend the medium size for petite, not too loose and and not too skinny. The quality is good i can say cotton talaga siya malambot??, napaka presko and comfortable to wear. kita nga lang yung bra ko but its common for white shirts. Good for its price, affordable compared to others?? ",positive
"Delivered and received in good condition. Worth buying at its price. Thanks seller, Lazada, and to the delivery guy.",positive
Ababavgagagavahagahhahahavsusvshsbsjsbsgusnsgshsbssvsbsbsjjsjajah16363992nsbsv,positive
"Talagang maganda ang quality, ang lambot! Di ko pa cya nasusuot pero I already know na magtatagal siya. Maganda ang tahi, at perfect ang kulay. This is Large so sa mga small to medium dyan sa international brands dapat Large ang kukunin nyo na size if gusto nyo ng sakto ang fit. ",positive
"Ayan na nalabhan na. Maganda yung tela, presko sa katawan. Worth every penny. Sana magsale din sa ibang kulay.",positive
"100%cotton?? Makapal, maganda ang tahi.... I will order again.. Pag may sale... Colored nman",positive
"maganda packaging, maganda dn quality ng tela makapal xa and sakto ang large sa akin complete order din. mla bench ang level nya, sana d mag shrink pag nilabhan na. salamat po seller and rider. ",positive
ganda po ng tela 100 percent na cotton bibili po ulit ak subra po ak natuwa kasi sulit at ang mura po,positive
"it fits me perfectly, I love the cotton material, will order another color again. thanks seller. God bless. ",positive
maganda ang tela mejo sikip lang sa akin kasi mali yung choice of size ko.. it's ok.. it's my bad . Sana meron din para sa plus size,positive
Material is soft and comfortable. The design is simple and ideal for sleeping and lounging inside the house. ,positive
The quality is good and it's very affordable. The items were also shipped fast by the seller but the courier was slow. I will definitely buy again.,positive
"Thank you Organics. Good quality shirt! This is not my first buy, and wont be my last. ",positive
"My never ending search for the perfect white shirt is over. I found my shop for my basic wardrobe supplies. Cotton is breathable, not too thin & definitely not too thick. Size is perfect. It's white white & gives you the pristine look. Thank you, Organic.",positive
thank you! thank you! thank you! maganda at maayos lahat!????????????????????????????,positive
"love my purchased bilis lang Kasi 2days inabot ng delivery kaya nag order ulit, maginhawa SiYa suotin Medyo mas malaki nga lang sizes ng white but maganda nman kaya nag purchased ulit aq... to thanks sa seller at s Currier for complete and good transaction Hindi q na napicturan lahat exited na Kunin ng mga nagpasabuy Kasi maganda naman tlg ",positive
"I bought 3 shirts in different colors,i can say that this shirts is a good buy. ?? satisfied !.quality materials and very fast delivery. Delivery arrive this morning Defintely i will order again.",positive
"maganda ang tela tama din ang size ,fast delivery free thank you seller at lazada ????????",positive
So soft.,positive
pasensya na sa late ratings....na recieved ko na its my first time to buy ng pang lalaki na ganitong shirt and so far ok naman sya...maganda dn ang quality...cotton ang tela at tama lang ang kapal...tama lahat ng kulay pero round neck lahat ng inorder ko pero ung isang pang boy vneck sya pero ok lang same color din nmn pero dapat iniinform ang customer kng wala at papalitan...yun lang...ying mga pang girls ok nakarami na ko order ng pang girls e? 5 stars pa din naman for me?????????????????????,positive
"just love this shirt, soft and skin friendly??",positive
okkkkkkkkkkkkkkkkkkkkkkkkkkkkkkkokkookooooooooookkkkkkkkkkkkkkkkkkkkkkkkkkkkkkkkk,positive
Nice fit! Thanks seller!,positive
my second time to order from this shop. i love how the tshirt is soft and nice color. fit is also what i expected. definitely will order again.,positive
Material:Cottony soft Size:Right size Design:Simple Kudos for the fast shipment!,positive
??thank you seller..,positive
"i love organic talaga. ang sarap sa balat ng material ng shirt nila, malambot at presko. too bad need ko na maging large haha. pre pandemic kasi maedoum pa ako dito. thank you!",positive
"Material:Maganda, mejo manipis lang yung white. Size:Small - 4'10"" height 47kg. Sakto lang, hndi maliit d rin malaki. Correct all color. Thanks",positive
super comfy...nice material,positive
Material:Thick Size:true to size Design:V-Neck ????????????????????????????????????????????????????????????????????????,positive
ok xa. kya lng mejo malaki pla medium sakin sana small lng kc petite lng ako sa sunod nlng pero ok din nman,positive
Material: Size:M first time Kung omoder s shop n to sobrang nagustuhan ko ang Ganda po Ng tela komportable isuot..,positive
Material:great i love it. will buy again,positive
thank you again maganda talaga tela nia thnak you seller,positive
ang ganda ng quality ???????? malambot at presko isuot,positive
complete colors n ko sa round neck kya vneck nmn.. im large sa round neck pero d2 sa vneck ngmedium size ako dhl ung una kong mga nbili n large malaki sa kin..mas malaki ang measurement ng vneck compared to round neck,positive
"same lang sa review ko sa isa. ang nipis ng tela gagstok, although hindi naman super pero bumabakat at nakikita pa rin ung inner cloth ko. lol",positive
Material?cotton tama lang ang kapal Size?true to size standard Design?plain v neck shirt all are in good condition and tama po lahat ng size and color...thanks,positive
thanks seller,positive
Thank you so much. nice cloth,positive
"Ang ganda, okay din Yung tela nya. Ang bilis na I shipped ni seller, nakuha ko agad kinabukasan pag ka order ko.",positive
gamda ng fabric. hindi manipis. prekso suotin. i will buy again once mag sale. sana lahat ng colors meron hehe. loved it!! ??????,positive
Maganda ang tela. hindi makapal pero hindi rin manipis. Cotton talaga sya. ang ganda ng fit. ,positive
maganda perfect pang inner sa pnp uniform,positive
thank you seller. good quality shirt at affordable price. cotton talaga and comfortable sa katawan. thank you din sa delivery man.,positive
so happy for this t-shirt na cheap pero high quality til our next transaction seller... keep up the good work!!!,positive
legit super ganda ng tela 100% cotton super comfy to wear. will order again..thank you seller,positive
nice item nice item nice item nice item nice item nice item nice item nice item nice item nice item nice ,positive
thanks late review supeeeerrrrrrr satisfied sa product nagustuhan ko.sa ulit saorder at ibang kulaay nmn,positive
gnda po ng tela,positive
thank you ??????,positive
pinadala mo sa akin Mali na product order ko Vneck tshirt Hindi round t-shirt next time bago ka mag ship ng order check mo ng maige Kung tama ba iyon item na pina padala mo,positive
Bought five of these. This shop has always been my go to for comfortable yet affordable shirts,positive
thank you so much seller for very nice and comfy tshirt i really love it ?????????????????,positive
well packed and arrived in excellent condition good good good good good good good good good,positive
nice quality ng tela good price. okay nman sa sizes . maganda at nice packaging sa uulitin ulit,positive
Gnda po ng tela ??????????????????????????????????????????????????????????????????,positive
thank you po tanggap ko na po..,positive
The shirt was so nice. It was great on its price. Highly recommended. I had many purchase here. Thanks to seller and delivery. ,positive
Material:good Size:true size Design:good thank you seller I already received the item.?????? thank you also sa nag deliver.,positive
ok naman daw sabi ng nagpa order nakuha na ,positive
iba ang cut ng ladies prang unisex na cia. unlike sa unang order ko ang ganda ng fit ladies cut tlga cia. picture not related ??,positive
thanks,positive
medyo mataas yung pag ka v neck nya. dapat pang undershirt ko kaso kita sya. malambot tela pero hindi niform ang size kahit parehong medium.,positive
okay naman medyo manipis lang. sakto size pero di naman cotton yung texture ?? anyway thank you,positive
THanks to kind and responsible seller for a well pack and secured items. Gusto ko talaga mga tshirts nila. Lagi ko inaabangan magsale. Makapal at cotton kasi talaga ang tela. highly recommended,positive
ganda ng tela cotton talaga thank you seller order ulit aq neto pero ibang kulay.,positive
maganda at makapal ang tela...napakamura pa...salamat seller!!!!!!!!!!!!!!!!!!!!!,positive
Ganda! very accommodating SI seller. worth it sya dahil maganda sya for affordable price. ,positive
Thank you seller ang ganda ng product nyo at kung ano ang order ko sayo sya talaga yung dumating at tama yung size sa akin,positive
"A little too big for me. But all in all, satisfied customer. Good quality product. I will buy again next time. ",positive
kahit diko pa po kita alam q n maganda at maayos po png dalawa q n po kc order yan at order po ulit aqo????????????????????thank you po,positive
"sobrang bilis dumating, tama din po size na pinadala. Maganda rin ang tela cotton talaga, ang ganda rin ng packaging ziplock pwede pang paglagyan ng damit if may travel",positive
complete package received. quality goes with the price. thanks. complete package received.,positive
Yey dumating na nakakatuwa kasi saktong sakto kailangan ko  sa bahay para sa asawa ko thank you so much po kay seller very accommodating po.,positive
?ood order again,positive
Photo not related. Items were received in good condition. Ayos na for everyday use. Malambot ang tela.,positive
"thank you for the good quality shirt, it took only 3 days to deliver my order",positive
maganda Ang t-shirt po.thanks seller??????????????????????????????????????????????,positive
good quality cotton ang tela thanks seller dto lang aq lage nag oorder nang mga damit,positive
"Thank you sa effort mo kc sa laki ng discount ko hehe ang bilis mo paring ma iship ang order ko pang ilang t-shirt ko na ito mula sa inyo gusto kong lahat ng kulay meron ako,,sa ssunod ulit...tnx(photo not related)",positive
"cotton ang tela presko cya, tnx seller and lazada",positive
"nice item,sulit po ang binayad ko?? thank you seller and kiya driver??",positive
Thanks po kay seller??maganda po ang damit makapal po xa.. at kay mamang delivery????,positive
very maayos at maganda yung item nag item... stay sa ndi panloloko ng customer mas aasenso kayo seller.... stay safe always!!! god blessed your business!!!,positive
"maganda ang tela, akala q manipis lng xa pero mkapal pla at cotton nga tlaga.mbilis ang shipping, thank you seller dhil dmating ng maaga, nagamit ng anak q para s group project nla s school.thank you din lazada for the discount",positive
nice. hindi mababa ang neckline.??,positive
Maganda ang pagkatela nya???????????? ?? ?? ?? ?? ?? ?? ?? ?? ?? ?? ?? ?? ?? ?? ?? ?? ?? ?? ?? ?? ?? ?? ,positive
"so nice ng quality ng shirt ?? very worth it talaga. cotton Siya at very comfortable to wear, especially sa summer ??",positive
love ? this shirt ?? bought 2pcs white 4 my daughter ? malambot d mainit sa katawan ang tela....cotton talaga!thank you ORGANIC ,positive
maganda Ang quality Ng damit..mejo maipis lang pero malamig sa katawan..thank you seller ,positive
Maganda yung tela. Presko sa katawan. Vety affordanle ang price. Very nice tlga ang quality. I will collect all colors. Highly recommended,positive
salamat maganda Ang tshirt at Ang tela niya makapal.oks na oks sya ?????,positive
"very mura pa Ng tinda ni seller ??????super ganda Ng tela lamig sa katawan , thank you seller and lazada",positive
Thank uuuuuu. I strongly recommend this product. Kasya at di mainit sa katawan kahit pinagpapawisan. Thank youuu. . ????suot ko na cia,positive
"good quality, bibili uli ako! bili na kayo dito. maganda sya. sakto lang sa gusto kong size ?",positive
"fast processing and delivery.. ordered this for my mother, said fabric is good cool but not too thin. we ordered 3 pcs more. thanks! ",positive
Ang Ganda po sobra till next order again kapag may budget na ulit ,positive
The shirt was nice. Great on its price. I bought on this seller many times. Highly recommended. The shipping was so fast. Thanks to the seller and delivery.,positive
oh diba Ganda pang dalwa order Kona to Ganda ng tela Nia di mainit sa katawan thank you Lazada........,positive
Maganda ang tela. Presko. Bilis ng delivery. Thank you! Medyo kumupas lang un dark gray. I will order again in the future.,positive
Nice quality shirts! Love them all,positive
Very comfy sya isuot at nagustuhan sya ng mga anak ko pwedeng pwede daw pang outfit tska pag awra hehe,positive
"I like the cut was designed for female and the feel of the fabric to my skin, it is so soft. More like close to silky soft.",positive
This is the second purchase for my mum. Nagustuhan niya ang tela kaya bumili pa ulit ng tatlo. Thanks! ,positive
"I edited my review for this item only, be sure to separate it with your light color shirts. Faded yung color at nang hahawa. Disaster lahat ng shirts n kasama. So suggest ko buy nio n lng yung mga light colors ng organic shirts",positive
I ordered large white and large black but received XL white ??nxt time dm muna bago ipaship out seller.. ok nlng ,positive
Received complete orders. Well-packaged and shipped immediately. Very nice shirts..soft and comfy. Very legit 100% cotton shirts! Thank you very much Seller... Will surely order again ??!!!,positive
maganda at makapal naman. ............................................................,positive
ok nman????????????????????????,positive
"Perfectly fit. Very comfy. Affordable. Very nice color but limited options. Hope to restock to on whites, lighter colors. I might buy more.",positive
nagustuhan ng asawa ko lahat ng nabili nmin sa shop na ito. cotton kasi talaga and presko sa katawan kahit mainit panahon comfy isuot.ang ganda at kapal ng fabric..sulit sa price.. thank you seller at may kuya rider na suki na nmin.,positive
thankyou ???????????,positive
These shirts are Comfy! I am a Regular medium. It Fits well. Thanks! Would buy Again. More Sale and Promos.,positive
Thank you. ,positive
I'm satisfied with my order. Ang ganda at safe ng pagkapakage. I will definitely order again..........,positive
"decent wear, good fabrics, not sheer. color is really good. I am giving this a 4/5 because they gave me one round shirt when in fact I ordered all V neck. other than that, i like my purchase. thank you",positive
It fits me well and as always napaka comfortable sa katawan. We ordered a lot of shirts and sando from this shop. Sobrang sulit kasi. Suki na kami dito.,positive
good quality shirts with a soft texture... feminine talaga yung shape and size nya......,positive
subok ko na dati itong brand na ito. very soft ang tela... tamang kulay ang dumating pati ang mga sizes,positive
maganda..mkapal ang tela satisfied costumer here po..salamat po sa seller at rider sa magandang serbisyo..ipagpatuloy nyo lng po..order ulit nextme ibang corlor nman po..,positive
"Ok ang tela, makapal xa. Will order again. Matagal lang ang dumating kase 12.12 ko xa naorder. Thank you",positive
shirt is good....................................................................,positive
Received in good condition. It is carefully wrapped and it is comfy to wear. Good to wear especially if the weather is hot.,positive
Organic ladies 100% Cotton Vneck Tshirt quality is nice!!!!!!!!!!!!!!!!!!!!!!!!!!!!!!,positive
Excellent fit and quality,positive
i love it.thanks comfi and mukhang mamahalin.,positive
Fast delivery. All items are well packed and in good condition. Excellent quality.,positive
Thanks po ??????????????????????????????????????????????????????????????????????,positive
"Nagustuhan ko yung tela nya. Mapili ako sa tela ng mga damit kaya nung una may doubt ako kung bibili ako dahil mura lang, may doubt ako kung talagang maganda tela. Hndi naman po ako nadisappoint. 1wk late lang ang deliver sguro dahil inabutan ulit ng ECQ. Plan to order ulit in the future. Hndi ko na po napicturean dahil paalis ako nung nareceive ko.??",positive
"maganda xa makapal ung tila, this is my Second order di ka mag sisisi pag ng order ka sa shop na ito, highly recommended po",positive
Thanks seller. Thanks lazada. Thanks rider. Nice item. Complete. Til next order. Legit. Comfy.,positive
mabilis deliber?? cotton ang tela??????maayos mga tahi??sakto sa akin????ok na ok??????salamat kay seller lazada kuya rider,positive
Received my orders in good condition. Like! The fit and material is perfect. Thanks for the free gift and a stress-free transaction with you. My first Lazada shopping! Winner.,positive
?good quality ?fast delivery ?affordable price ?secured packaging ?will order again ??,positive
color is nice. next day delivery !,positive
I love the item??????????????,positive
Got my order! Ang bilis ng pag deliver! Ang ganda rin ng Vneck shirt na 2 magagamit ko tlga sa black jeans ko. Thank you seller and Lazada! ??????,positive
The shirts were delivered fast. The materials were really comfortable and of good quality.,positive
Well packed. and legit na cotton at maganda ang tela . Thank you reseller.I will buy again.,positive
nice & comfy??????thanks,positive
makapal ang tela,positive
The fabric is fine not too thin and not too thick and it fits me well,positive
as I expected cotton talaga siya.many times na kc nag order sa seller na ito.organic cotton siya,positive
I received gray color instead of black na order ko.,positive
Thank you seller very nice t-shirt.. Love it.. Thanks Lazada and courier.. 5 ??,positive
Ill definitely order again. Ang friendly ng seller. ?? Thank you! #legit101%,positive
It is nice i like it,positive
maganda tela kasya s akin,positive
maraming salamat reseller,positive
Good quality.......... No damage......... Will order again......... Thank you........,positive
"very responsive seller. fast delivery, well packed, very organized, good quality and all items are in great condition! thank you ??",positive
highly recommend,positive
very nice quality,positive
very nice. I ordered 4. maganda ang tela. I will order again .. thanks,positive
Love it ????,positive
good quality,positive
"#good#nice#goodquality......... nice pakaging,,, I'll order again next time because it really nice",positive
nice. kxkxkkxkxkxkxmxmxxmxmkykyjcjjccnxjskskjxhchchcjkskykxcn nvnkxykylkxjcjcxkylyllysmskskskjdcjcmck,positive
"My favorite white shirt! Good to know that they're on sale. Will buy again on the next sale period. Thank you, seller!",positive
Nice product....................................................................................................,positive
"maganda po ang tela niya cotton,sakto lang din ang size",positive
thank you ...................................................................................,positive
"ang ganda ng tela,at sakto lang sakin ang small.??????????????????????????????????????",positive
"Fabric ?? Packaging ?? (maybe the seller forgot to include the kraft paper, but its OK) Delivered on time ?? I like wearing loose shirts, so I ordered XL. Im glad that it fits me well.",positive
Maganda at malamig ung tela. ??,positive
tama good tlga ang tela????,positive
"nice and comfy medyo manipis lang.. pero ok naman, nagustuhan ko and will definitely order again",positive
satisfied with the white shirt. thank you so much. hindi makapal hindi manipis. sakto lang ???,positive
I think it was a great purchased thanks Lazada for the fast delivery.,positive
"What you see is what you get. Quality ang tela which is unexpected because of the price. I ordered Large, sakto lang pero madyo mahaba talaga. Overall I am happy with this. Thank you",positive
Maganda ang quity at presko sa katawan,positive
super legit????????????????????????,positive
"Thank you po. Mejo mas malaki sizes nito compared dun sa round neck. Anyway, ganda ng tela ??",positive
sakto lang ang sizing sa white shirts; malamig sa katawan; yung dark gray maliit ang xL,positive
ok sya magnda.. sana maganda parin ang tela pag nalabahan na.. fits just right :) satisfied customer po! mabilis din ma ship...,positive
Well secured packed. Delivered earlier as expected. Good quality. Thick and true cotton..,positive
Sakto lang ang fit sa akin. I first ordered black kaso ang fit masyado kaya I got 1 size bigger. Happy naman ako kasi cotton siya. Hindi mainit pag sinuot. This is my 3rd purchase from this store. Thanks seller and Lazada!,positive
maganda yung mga damit. maganda yung tela. maliit lang ang large ng sando compared sa large ng tshirt. at amli yung color ng blue na nadeliver pero may voucher naman binigay kaya ok na dn. thank u seller!,positive
Sorry po late review . Maganda po yung shirt nice quality . For sure will buy again thank you seller and kuya LEX godbless po,positive
Nice ung tela. Thanks Seller.,positive
So nice ??,positive
ok nmn po cxa..Kaya lng ung blue msikip sakin..dpt pla large....pero ayos nrin..thank u kay seller..,positive
"Very soft ang tela, bagay sa summer. comfortable sa katawan. Like ko sya next time bigger size order ko, tumataba na kasi ako. Thanks",positive
damage ung dumating sakin.. nakakadismaya.. andamiQ na naorder dito ngaun lng may damage.. sana dumaan sa quality control mga items na nilalabas..,positive
"Recieved the item just in time. Legit Maganda yung tela, yung nga lng masikip prin sa braso ang large size nila. pero all in all pwede na sa price niya dna luge.",positive
THANK YOU THANK YOU THANK YOU THANK YOU THANK YOU THANK YOU THANK YOU THANK YOU THANK YOU THANK YOU,positive
may 3rd time order at maganda parin tnx po kay seller at kay kuya nag deliver.march 27 q order March 28 dumating??,positive
ok naman yung item maganda siya. diko pa nga lang nalabhan.thanks you seller for the fast delivery,positive
"ang ganda ng tela,diko na napicturan nilabhan ko na agad eh??pero sulit ang bayad,bait pa ng rider.",positive
"Good quality ang tela, tama ang color and size. Ang bilis ng delivery, nauna pa sa expected delivery date.I'm planning to purchase again. Thank you seller! And thanx din po kay kuya na nagdeliver. ??",positive
"Fast shipping and delivery. Received the item in good condition and accurately based on my placed order. Upon checking and fitting, maayos and pulido naman ang tahi, no loose thread. Also, the cloth is so soft - comfortable to wear specially that summer is fast approaching now. Just hoping the label/tag won't feel itchy or else will have to cut this to remove it. Satisfied client -- a great buy for me, definitely will buy again. Thank you seller, Lazada Ph and Lex Ph!",positive
"Maganda ang tela, hindi sobrang kapal yet hindi din manipis. Thank you seller. Hindi pa ako binigo ni Lazada so far. Very satisfied costumer here. ??",positive
saktong sakto ..loveit.????...order ulit ako ng iba color pag may budget na ulit si ako..salamat,positive
Thank you! Very fast delivery and so accommodating ?? Thank you! I will surely order again!,positive
ok naman sya but meron syang damage n konti sa side sana check nyo mabuti..3 pcs inorder ko ok naman sya..gnx??,positive
5 ?? po kau sakin. very responsive c seller. binigay nia ung 3 kulay na gusto ko. salamat po lazada at sa suking suki na tagahatid ng order ko. ??,positive
light shirts for on the go ladies .. presko at nakakaseksi .. hehee!,positive
"Very fast delivery,,,,,i ordered exactly as my size.nice sellerkeep up the good work ????",positive
maganda naman quality nya lalu na ung tahi. mabilis naman syang nadeliver and tama ung size.,positive
Ganda ng tela ng tshirt bilis pa ng delivery Ginamit namen sa tie dye shirt ganda ng kinalabasan,positive
very comfy.will order again.thank you..godbless..,positive
THANKYOU ORGANIC ?????? SUPER SATISFIED AKO SA ORDER KO TAMA AT MAAYOS!!! 10X??????????,positive
Hi seller... super nice ng tshirt?????????? Saktong sakto sa akin. Very affordable pa esp.naka flashsale nung nabili ko.. Wil order again??,positive
Thank you seller ang bilis ng delivery.. pang 2nd time ko ng magorder dto.. Gusto ko ung T shirt maganda ung tela at sakto lang ang size.. Next time ulit ibang color naman??,positive
swak na swak at gusto ko talaga ang item na to . Sana mas madalas ma mag sale ng bongga si lazada hehehehe Thank you so much Lazada ! Satisfied customer here,positive
"Good quality, soft fabric and comfortable to wear. Highly recommended. Fast delivery and nicely packed. Thank you ??",positive
Nice maganda sya nagustohan ko talaga sya thanks seller at sa nag deliver skin kya 5star sya,positive
"Bumili ako dahil maganda ang mga reviews. at maganda tlaga sya. Mura pa. Mas makapal ang tela ng shirt na pang lalaki. Happy customer here, will purchase again!",positive
ok na ok sakin .. ang ganda ng tela ninyo! love na love ko .??????....,positive
"maganda nga ung tela, ang bilis pa ng ship out medyo malaki pala ung size nya pero overall ok nmn sya well order again thanks seller",positive
"comfy po ang tela nagustuhan ng anak ko,, keep it up reseller. gnun din kay manong na nagdeliver",positive
"Ganda ng tela. Perfect ang fit sa kin ng medium (5'2"", 50kilos). Medyo mtagal lang ndeliver, 7 days.",positive
"mjo na discappoint aq netong last order ko kc naiba ang tela prng less cotton na,png ilang order ko nato,halos lahat n ng kulay meron n ako pero netong last iba n ang tela nia,dna purely cotton,mjo manipis n din,pero 5 star p din kc over all keri nman,balak ko p umorder ulit ng white p din sana ung dating tela na,ung 100% cotton n ulit",positive
"Ito una una kong nreceive sa 11.11 orders ko, maganda po saktong sakto skin, ang lambot ng tela breathable pro d rin see thru ??",positive
"very comfortable ng tela at d p ganuon ka expensive, good job reseller",positive
very nice. nagustuhan ko sya. lambot ng tela.,positive
ang ganda saktong sakto sken ang large not too fit not too large. happy with my purchased. dmi q n din nabili sa inyo?????? will order again,positive
good quality. the best so far compare to others. hope this could be maintained.,positive
Satisfied with product and delivery.,positive
ok xa simple lng katulad xa ng tela ng kentucky.medyo manipis at hndi stretch.ok na rin sa presyo simple lng xa.,positive
Material:true Size:true i will order again thankyou,positive
Satisfied with product and delivery,positive
"Size:sakto sa akin ung size, diko nga lang na pic, Design:maganda xa kc di maxading mababa ung pag ka v neck niya Material:soft xa, malamig sa katawan... inorder ko tlaaa to pang summer..",positive
Material:maganda siya Size:Xl sakto lang Design:V neck,positive
okay naman ang material.and appearance for the price. for sure magagamit ang items na to.. it was my second order for this kind of shirt,positive
"Excellent quality and excellent packaging, fast delivery. Thank you so much seller, delivery man and lazada.",positive
Ang ganda po niya :)))))))))))))))) Very worth it for its price. Thanks Organic!!!!!!!!,positive
Size: Design:its good,positive
verry comfort to wear love it 5tar ka sa kin seller,positive
Maganda ang material at true to size at ang design is maganda salamat po Organic at Lazada.Lex rider thank you,positive
great quality . true to size. It really cotton. will buy again with diff color. thanks seller,positive
Maganda i will oder again,positive
Material:good Size:true to size Design:good,positive
My nth time to buy this...?? ?? ?? ?? ?? highly recommended.,positive
"ang ganda po, cotton talaga, thanks seller",positive
"nagustuhan ni mama ko,",positive
OK Lang... pwede na,positive
Maganda ang quality ng tahi at material shirt. Tama din ang kapal. Sana lang meron available na bigger sizes for plus size built.,positive
"Love the texture of the shirt! ???? hindi mainit sa katawan, good for everyday use",positive
satisfied with the product!!!!!!!!!!!!!!!!!!!!!!!!!!!!!!!!!!!!!!!!!!!!!!!!!!!!,positive
Material:10/10 Size:10/10 Design:10/10,positive
Material:10/10 Size:10/10 Design:10/10 jsjnananananananannanamamanahsgazahhajakakakananahabbshshshsheh,positive
Totoo cotton item nyo oorder uli ako pag may pang shopping na. tnx seller and delivery rider.,positive
ang ganda po ng tela. salamat seller,positive
I was hesitant to buy at first but then I have to try since most of the reviews are positive. I made a good decision because the shirt is comfortable to wear. I love it.,positive
ok lng para sa price,positive
Material:excellent condition Size:true to size Design:excellent condition Thank you seller and mabilis nashipoed,positive
to big for medium size,positive
"Maganda ang tela cotton tlga siya,!!!!... Late review ngyon lng bc sa work hehehe..!!! 5star ka sa akin. Salamat.. Godbless po. Lazada.",positive
good quality...5 star,positive
"nice, makapal ang tela, perfect size.",positive
Material?Comfortable and High quality Size?True to size Love it for casual get up and as play clothes with my kid,positive
love it! ??,positive
mqganda ang tela..presko sa katawan..sa murang halaga good quality..mqpapaorder ako muli nito..swak sa budget,positive
im satisfied with my white t shirt,positive
"Very good quality. Thank you, Seller.",positive
"The T-shirts are good. They fits me perfectly, and the colors of the shirts are also amazing. Thank you. ??",positive
"Its a good buy,quality and affordable...makfkfkfksksfbvssjdjfkkfakkskcvcssjxjcjawkfkvkxksjjsjxjxjxcjncdfgvbbvsssnjjjj?hhhjjawddffiisiiwgghe",positive
nice products,positive
"reasonable sa price, worth yung cost vs quality. hindi mainit ang tela, presko sya",positive
Right size and very good quality!,positive
love the quality,positive
Size:tue to size magnda s sya ganun ka init ang tela,positive
good deal ??,positive
Ganda ng tela,positive
"i love the item, maganda at fit comfortably??",positive
I like the fabric.. I'll order again for sure,positive
Sobrang ganda mg tela. Mas maganda kesa sa Jockey. Mas mura pa. Sulit talaga. 3rd time ko ng bumili dito.,positive
Ganda Ng tela cotton at Tama sakin ang size.,positive
"Correct sizing, and color Good clothes it is really comfy to wear",positive
"ok ang tela kado medyo msikip, hindi xa kapatehas ng grey though parehas silang large......",positive
medyo mataas yung pag ka v neck nya. dapat pang undershirt ko kaso kita sya. malambot tela pero hindi niform ang size kahit parehong medium.,positive
"decent wear, good fabrics, not sheer. color is really good. I am giving this a 4/5 because they gave me one round shirt when in fact I ordered all V neck. other than that, i like my purchase. thank you",positive
"bakit ang haba ng sleeves? yung ibang color naman okey, maigsi na pang ladies.??",positive
Ordered a vneck tshirt but received a round neck tshirt. They did sent a letter inside the package but I would really appreciate it if they informed me first before sending.,positive
"got the right color and size but the old rose is round neck, iv ordered vneck... ",positive
maganda yung tela malamig sa katawan and stretchable po siya kasya sa anak ko na mataba kahit medium lang,positive
legit cotton ang fabric ng shirt...na dsappoint lng ako kc may portion ng tagiliran na butas...tahiin nlng kesa hassle ang mgsauli at request ng refund..,positive
"Size:the size L is like a medium Design:basic Material:presko, hindi mainit Fo reference, Im 5'3"", 53kgs, 30in waist, 38in hip, usually a size medium. Buti L ang kinuha ko para may konting allowance for movement. Presko ang fabric. The shirts' stitching is my issue; good, but it could be better. Sana naka tuck inside man lang yung edges ng hem (see pic). For the price I paid though, pwede na din. Pero I would gladly pay a bit more price, if only to get a much more ""pulido"" na tahi. That said, I am not sure how long it will take bago matastas ang hems, hence the 4 stars.",positive
I ordered black but they delivered gray. Ok naman yung tela.,positive
"love the shirts material??quality is superb! delivery was fast! however, 3 of the 5 shirts had longer sleeves. wonder if these are for ladies, though??",positive
Ok nman ang tela,positive
"super bilis dumating ng parcel two days lang dumating na. small po talaga ang size ko but I order medium, tamang tama lang saken di masikip di rin maxiado maluwag. ayaw ko kasi ng fitted na t'shirt. Mejo awkward lang ang sleeve ng t'shirt kasi an liit at mejo maiksi sa normal na t'shirt.",positive
butas ung kilikili tinahi ko pa..,positive
"okay yung tela, better order 1 size up",positive
"nagustuhan ko yung quality ng tela!! maganda sya, cotton, ang hindi ko lang nagustuhan ay maliit ang size nila, xl kinuha, kaso parang medium to large frame lang!! hindi akma sa measurement details nyo",positive
"Maganda yung tela, kaso maliit yung size nya. Yung XL para lang syang Small to Semi Medium, Buti nalang dumating agad bago mag birthday si Lazada, order sana ulit ako. Kaso maliit sya.",positive
I ordered vneck but Got the round neck instead.,positive
ok lng I'm satisfied.Thnk you seller & Lazada & also d rider.,positive
Im wondering if its really 100 % cotton bec. It doesnt feel cool wearing it.,positive
Nice cotton talaga. Meron nga lang konting part sa may arm na di natahi pero madali namang tahian. Thank you seller.,positive
nagustuhan ko Ang tela maganda sya kaso lang magkaiba lang Yung sizes medium and small dumating sa akin.,positive
"fabric is thick and stitching is good. if i may suggest, ladies vneck shirt maybe enhanced by adding the usual waist curve instead of just straight, shorter sleeves and wider vneck cut.",positive
my mom liked it,positive
ok na pambahay.. presko,positive
Good qulity. Medyo mahaba lang ang manggas.,positive
4 star kasi I order Vneck medium but I received round neck.still good quality.,positive
Di pala ganon kakapal according sa reviews dito,positive
Pweds na. very fast delivery tho.,positive
maliit masyado yung size for medium but I like the fabric,positive
Good product.,positive
Ok item gusto ko,positive
maganda ang qlty ng shirt right size naorder ko para sa ken..maganda ang qlty ng shirt right size naorder ko para sa ken..maganda ang qlty ng shirt right size naorder ko para sa ken..maganda ang qlty ng shirt right size naorder ko para sa ken..maganda ang qlty ng shirt right size naorder ko para sa ken..maganda ang qlty ng shirt right size naorder ko para sa ken..,positive
I order V-Neck but you send round neck.,positive
"quality were excellent! my concern is the size, which s too small compared to other brand. i ordered M since i always got this size with other brand. but your size is smaller. ",positive
Mukhang pang P.E. uniform. Ok lang naman. pero pang bahay lang tlaga.,positive
"the material is good, presko isuot. however, ang sizing is a hit and miss. I ordered a round neck as well as V-neck both in medium size. yung V- neck sakto at comfortable ang fit while the Round neck one was tight parang small size lang. both shirts were labeled medium",positive
Medyo makapal nman ang tela at maayos ang tahi medyo mahaba lng sya sa akin.,positive
medyi masikip lang sa size ko n medium pero okay naman,positive
con: medyo masikip sa armhole. pro: malambot yung tela maganda yung packaging fast delivery,positive
"I ordered L but the deliver XL in white. For red, same, ordered S but shipped medium. The quality of fabric is excellent though.",positive
"Maliit ang sizing nila. Hnd kasya saken. Buti na lang kasya sa pamangkin ko. Anyway, thanks seller and courier.",positive
Okay naman ang quality,positive
maganda tela at cotton tlga siya ??,positive
Fast delivery. Makapal tela.,positive
nakakalungkot. mas manipis na sya ngaun kumpara sa dati.. tapos ung dalawang white may mantsa.. nextym paki double check mabuti.,positive
Mgnda quality ng tshirt but nxt tym lagyan nyo plastic ung tshirt lalo nat white order s inyo..,positive
good quality,positive
Ok naman ang tela....masyadong fit lng para sa mga small??,positive
ok naman. soft ang tela. pero medyo manipis. Not like the first white one that i bought,positive
The quality of the shirt is super nice. A bit disappointed lang kasi walang plastic yung ibang shirts when i recceived them. Nkalagay sila in between dun sa may plastic. Sana man lng ng improvise na lang si seller ng plastic para presentable and neat sha.,positive
"It looks ok, fabric looks comfortable, I'm just not sure if I chose the correct size cause it looks kinda big.",positive
maganda sana kaso ang liit mg size! hindi po accurate ang size chart. please improve.,positive
"_Sizing is small,XL is fitted for medium size. Nevertheless, will still give them 4 stars for the nice fabric..",positive
Its true that their sizes are small so better get the next size but the fabric is good.,positive
Very good quality but size comes smaller than the published size.,positive
Ok siya..ang tela maganda.thumbs up,positive
good quality. pero medyo masikip yung size large. ,positive
"i received the item, the quality was good and it was delivered on time.",positive
soft and comfy,positive
maganda ang quality ng tela. malambot at medyo stretchable. pero masyadong maliit yung size hindi tama yung sa details.,positive
maganda yung damit..hindi sya ganun ka nipis..kaso pangalawang order ko na to pagdating sakin hindi na maayos ang pagka pack nya..pero ok na rin..,positive
Magandang quality ang tela. ??????,positive
Small size bit stretchable,positive
"good job! satisfied customer, thank you organic ok ang nrecieve q 100%cotton tLg. prang authentic xa. s uuLitin.??",positive
very nice but sizing i little small.,positive
"tinahi ko na lang, sana mawala sa laba yung stain",negative
layo s acolor na ineexpect ko akala ko royal blue talaga. pero its just blue although mganda nmn ung fabric kso. nakka disapoint lng talaga ung color na ineexpect. sana e malayo. ng order pa nmn ako ng 11 pcs para sa mga froends ko..lakala din kse nila. real royal blue...sna s asuaunod. be specific nalang s amga color para d kmi nadidisappoint. kapag dumadting.... ,negative
the colors look all the same ... different from whats on the photos,negative
"Though the material is not what I expected , delivery is fast efficient . ?? Thank you.",negative
sad to say maliit sa akin ..kaya kung maorder po kayo adjust nyo one size larger cguro ..anyway thanks,negative
The size is too small for medium. ??,negative
"Iba sa mga nauna kong purchased, kita sa tela at eteketa.",negative
small ang size though the fabric is nice,negative
Pambahay ang dating,negative
nagkukupas yung blue na shirt..nde matibay ang tahibutas kagad nung nilabhan,negative
"mainit ang tela, akala ko ba 100% citton.",negative
wrong color recieved ( grey ),negative
Not 100% Cotton. its 60% Cotton. Seda type..,negative
ang laki ng sizing ????????????????????????????????????????????????????????????,negative
sizing is a bit smaller than expected,negative
its more of an inner shirt and/or a pambahay shirt because of the texture.,negative
"although this is a white shirt, fabric is not thin like other shirts that are almost see thru. get one size bigger as the shirt is on the smaller side",negative
too big for me.. pero okay na din,negative
the size and too small saka manipis yung tela.,negative
manipis at maliit ang size.,negative
Sewing quality needs improvement though fast delivery ,negative
Mganda fittings nia kaso kamalinlang ako mg napili ng size maliit saken ung small dat cguro medium order ko,negative
I ordered v neck but round neck came. Hmmm,negative
"bit smaller size. should have been order much larger size. Fabric is good. Ordered two products that are different in color but checking it out at the same time, kinda dissapointed that i had to pay shipping fee twice which is almost the same price of the product.",negative
FABRIC - Very comfortable,negative
"Maganda ang tela kaya lang maliit ang XL ,sana magkaroon ng XXL or XXXL",negative
Material is soft and thick but the fit is awkward. I got a couple of sizes bigger as advised by other users but the fit is still not good. The shirt is too straight I think.,negative
ang liit ng large nila pero ok ung t shirt,negative
the size is smaller than expected. sayang... mura sana.,negative
texture is nice for it's price,negative
"maganda ang t-shirts, lima inorder ko may mali lang ng isang size imbis na Large naging XL double check next time. thanks",negative
I can't use it because the size is too small. The quality is quite good though.,negative
mganda nmn tela mdulas kaso manipis need mopa ng white bra or skin tone kc kitang kita,negative
Ok lang. Hindi ganun kaganda ang tela pero pwede na sa presyo,negative
may damage po yung isang item xl.,negative
Marumi ung shirt. Parang may sulat pa ng ballpen sana lang matanggal pa.,negative
kentucky order ko pero hindi kentuky dumating tapos meduim size small binigay nyo,negative
"hehe,naexcite pa naman akong buksan taz sira pala un item.Nagchat aq sa seller, voucher worth 50pesos lng ang kaya nilang ibigay,haha,eh di wow?? inyo na P50 nyo",negative
Disappointed! I ordered for Vneck shirt. They shipped round neck. ??,negative
wrong color received...not v neck too..,negative
"Items are mistakenly packed, i ordered 3pcs cotton vneck white, LADIES LARGE size but i received MENS large sizes. So much disappointed",negative
"Quality ?? Fabric is okay, worksmanship is nah",negative
"May sira sya, sayang dahil totoong cotton nmn.",negative
Nice t shirt pero walang quality control kasi may stain ung t shirt,negative
Hindi man lang nag double check if may sira ang item. Nakakadisappoint kasi butas yung sa may sleeve (underarm).,negative
"wrong item sent....... they do not know the difference between round vs v- neck.......then when you return the product they dont know how to honor it, they will cancel the return so you have no choice but to bear with the wrong item...tsk!",negative
"Yung nauna kong inorder, complete and true to sizes. Pero yung next order ko, same size pinadala pero di na nasunod yung sizing. Maliit na yung isa",negative
maganda ang tela. kaya lang hindi accurate ang sukat nila. 3 xl inorder ko. puro xl nga ang dumating magkakaiba nman ng laki.,negative
"Legit nga ito ..1st time ko umorder Hindi ako nabigo..yeheyyy Thankyou po seller I will order more..???? order na Rin kayo.. 100% cotton,..nagustuhan din ng anak ko ,napakapresko sa katawan ,swak na swak ito ... Thankyou ,Thankyou ,Thankyou ..",negative
"after several successful orders, ngayon kung kelan madami tsaka pumalpak, late na mali mali pa item...hayys",negative
"ITEMS ARE GOOD QUALITY BUT item handling services are very poor. ?? -missing items -incorrect color and sizes -item return not allowed -store is not ready for bulk orders It would appease if the refund was converted to Wallet but voucher for your store just made it more disappointing.  Sa hassle na napagdaanan ko for sure di na ulit ako bibili sa inyo ?? I'm so sorry, I have to give this 2 stars only.",negative
its not 100% cotton. its something you can buy sa bangketa sa divi. disappointed.??,negative
"Bad experience. We requested to return the items we ordered from Organic, they approved of the return and so we sent the 2 items to LBC with the return number only to find that our return request has been cancelled. I wonder how did that happen. So ngayon, wala na yung item sa amin tapos di pa naibalik yung ibinayad namin. We never experience this to other shirt shops only here in Organic. Balik tuloy ako sa Crown shirt, wherein okay na okay ang Crown sa aftersale/customer service. Sayang yung ibinayad namin. Ibalik niyo yung ibinayad namin please lang. Never again to this Seller. Bad after-sale service. ",negative
"please pa update namn ?? 15 items ang binayaran qoh.. 5 items lang ang pinadala.. since july 16 pa aqo nagsabi ng concern... ung selller laging ""i will check"" ang reply araw araw ????",negative
"This was not included in the first parcel. So I followed it up. But unfortunately, in the 2nd parcel, the seller sent me a mens underwear instead of white shirt.. ??The items is good quality but the processing of the order wasnt good.",negative
Too small. Medium yata to for kids ??,negative
i ordered red and blue both large size but in actual they are not same size and tagged large size on shirt both,negative
Material too thick and not suitable for warm weather.,negative
"Their size small is way smaller than other brands (jockey, bench, etc). The stitches aren't as good also. Well, maybe because it's cheaper.",negative
maliit Yung sizes di kasya sakin,negative
Sabi ko xl mali ang nadeliver large ang binigay,negative
Ito yung part ng order ko na may butas yung tshirt sa likod.,negative
color was not followed,negative
I'm a 100% cotton user and I'm 100% sure that this is NOT 100% cotton as you mentioned!!! sana wag nlng po maglagay ng organic kng hnd nman! at ang tahi sobrang hnd maayos! NOT RECOMMENDED,negative
"hindi maganda ang tela, sakto sa presyo nya. mainit din naman ang tshirt pambahay.",negative
wrong size sa isang tshit ung pinadala. siguro kasi out of stock na ung size na inorder ko. pero nagsabi man lang.,negative
manipis masyado,negative
xl is too small??,negative
Maganda yung shiet pero yung packaging hindi maganda. Nadumihan na yung damit kasi naka pack.,negative
Ordered for medium but their sizes were very small. Ordered 2 items. Such a waste of money,negative
I ordered one size bigger than my usual shirt size but still too small for me.,negative
Not pack well and slightly dirty,negative
i am medium to large frame so i ordered large to make sure pero di parin kasya. the fabric is not stretchy and the stitches is poor quality,negative
not packed po. i dont know why. sana po inayos pag pack kasi iisipin po ng buyer na used item na po.,negative
manipis kita yung bra,negative
unsatisfied ,negative
Maganda tela pero di pantay ang tahi ng v sa harap -.-,negative
hnd n sya k2lad ng yna q g inorder tas wla png plastic bwat isa tinipid tlga,negative
Okay naman yung tela kaso sa delivery nagkaproblema ang order ko 6pcs pero 5pcs lang dumating tapos isang item lang ang may packaging.,negative
panget e,negative
pang girl order ko pero pan lalaki dumating.??anlaki tuloy ???? pakicheck naman po.,negative
"sana kung wala ng stock ang V-neck, wag na sabihin last 2 stock na may available pa, sabi ko na round neck ang ma-rereceive ko kasi matagal na naubusan ng v-neck, maging honest n lang sana tayo if out of stock na talaga.. at sobra tagal ipa-ship.. hindi ko alam if oorder pa ako ng Large size kasi baka round neck n naman ipadala.. v neck tlaga ang gusto ko tsk tsk",negative
Poor quality,negative
kelan pa naging round neck ang vneck? at kelan pa naging medium ang large?! kung wala kayo available na item sabihin nyo . Nag select pa ako ng order kung kayo din pala masusunod!!!! ,negative
"i ordered 7 items, i only receive 6.. nakakadisappoint??",negative
Very poor items 4pa nmn order ko ??,negative
tatlo order ko 2 white 1 yellow prehas lahat ng size na xl pero yung yellow na order ko maliit large lang binigay.. nakakainis diko man magagamit.. nakakadala umorder sainu..,negative
white ang order ko pinadala nyo gray marunong ba kayo magbasa.ang layo naman ng white sa gray...,negative
mali ung dumating,negative
Ang order ko V neck pero lahat ng diniliver Saken lahat round neck at ang order ko XL pero large ang dumating! Matagal na tpos Mali pa.,negative
Nagttaka lang ako bakit wla packaged yung white ko order yung dalawa shirt na black nakapackaged naman prang sinuksuk lang bigla e. Nakkasad.,negative
"ok sana makapal, kaso madumi, iba pa pagkaputi sa 1 kong order! yung 1 order ko di nakabalot kaso mas maputi, eto nakabalot pero may mantsa tapos parang luma pagkaputi! buti 1 lang inorder ko muna, balak ko sana yung by 3's",negative
may damage ang nipis pa ng tela di sya tlga xlarge,negative
liit ng sizes.Large na nga inorder ko Medyo fit n sa akin.Buti n lang strechable yung tela.,negative
mali ung order n dumating.vneck order q round ung dumating.ska may mga mantsa halatang old stock.,negative
May small yellow stain ung sa neck parang ndi xa dumaan sa quality contro at hindi xa naka packed tulad nung gray shirt kong order.,negative
"kaya siguro mura kasi di pantay sa balikat.. nung sinubukan ko lagi nabababa sa left side. kala ko sa pagsuot lang. nung hinubad ko chineck ko, yun nga, di pantay. hmmm ??",negative
wtong item sent..... i ordered white v-neck and they sent a gray one... when i want to return the product they replied but they will not honor the time then they will cancel the pick up....tsk!,negative
I ordered white ajd i received grey.. Im dis appointed.,negative
ang pangit po ng tahi,negative
"The item that was sent is MALE SIZE. I ordered LADIES medium, but the items arrived is for MALE. so the sleeve is big and long compared to LADIES size. I AM VERY DISAPPOINTED as the WHITE COLOR SHIRT IS MY FAVORITE AND THATS THE ONLY REASON I ORDERED IT. BECAUSE i needed it.",negative
Attention po seller bakit naman pinadala mo ang t-shirt na damage po mahirap po kumita ng pera and binayad po namin ay panaghirapan at wala pong damage ang pera namin na binayad sa inyo ayusin nyo po ang service nyo bago nyo ipadala ang product na i inorder sa inyo i need a replacement nito kasi isauli ko po ito sa inyo dahil hindi ko maisout yan dahil malaki ang butas.poor service,negative
disappointed.... Wala ang aqua blue......disappointed....second purchased my problem na sa item delivery....chat informed the seller but apparently you don't have choice for any refund or send u the item which was not on the parcel but a voucher to wait for about 2-5days approval but when u purchase almost 2days there the item was delivered but with missed item....u paid what u should paid for the item that u ordered.... disappointed really.... hope for better packing correct items!,negative
maganda ang tela kso may neddle hole sya s sleeve????????????????????????????????????????,negative
"SUPER DISAPPOINTED!!! Magkakaiba ang sizes ng XL na pinadala?? DONT REPLY AS IF I DIDNT MESSAGE YOU RIGHT AWAY. I DID!!! But you only rationalized, not even addressed my complaint According sa Organics, For the size difference, there are times that there will be over sizes / under sizes Kahit anong responsable mong mamimili, TALO KA!!! Tell me Organics, anong size ba dapat ang pinili ko kung ganito kalaki ang discrepancy ng sizes ng XL nyo??? I-RETURN NA LANG! YAN ANG REPLY NYO.",negative
luma na yung binigay niyo saken..,negative
"I wouldnt recommend the store. I approached them first before posting my review. Unfortunately, a discount voucher is the only thing they can offer, NOT A REPLACEMENT FOR A DAMAGED ITEM they will sent you. Definitely they would advise not to return the product, what else they could do with it? What am I supposed to do with it? Di ko rin naman masusuot ?? I ordered five (5) all small but the sizes also varies.",negative
aside from not the same size just look at the picture it explains a thousand words!,negative
"3 order ko gray, cobal0t blue at aqua blue ang dmting skin same color.. so dissapointed??????",negative
I ordered 3 shirts XL size pero iba iba ang size ng dumating though lahat tagged as XL. :( :( :(,negative
Wrong size delivered. Baiqjbwgehwjksksmansbixjsbwhsjndbdjdndbdjjdndjdidjeoskdndjhxns,negative
bakit po ganito tahi..maluwag ang mga tahi..pag laba makakalas na...,negative
I received different items from what i ordered. I got round neck shirts of different colors instead of getting v neck shirts of blue and yellow.,negative
"Hay nako! Nakakadismaya po! Excited pa na man ako sa order ko,, yon pala may butas ang damit...Ayusin mo naman seller nagbayad ako ng maayos tapos ganito lang pala matanggap ko...Sana po binusisi ng maayos ang product bago pinack...Or baka yong pinadala nyo sa akin eh yong hindi natanggap sa QC..Sayang flagship store pa naman kayo,,at buti na lang isa muna yong inorder ko...",negative
out of 3 tshirt... 2 were damaged,negative
XL po order ko sa red. Small ang pinadala nyo. Sobrang hassle mag return.,negative
"1 star lang po siya sakin kc ang order ko large na color blue, light gray at green na vneck pero ang pinadala nio skin isang large na green veneck tama. pero un medium na blue round neck mali ang order ko large na blue vneck. at un light gray tama ang size large pero hindi round neck ang order ko ang linaw linaw nman ng order ko bakit ganito ang ipapadala nio medium round neck pa masusuot koba un ang sikip nun skin at ska ayoko ng round neck pakiramdam ko sinasakal ako. sana nman kung ano un order un ang ipapadala nio. at saka kung wala kayong stock ng order icancel nio nalang sana ang order d un magpapadala kayo ng maling item abala itong ginagawa nio. i return ko nalang d ko rin nman ito masusuot.",negative
Incorrect item delivered. I ordered for v-neck shirt but I got the round neck shirt. Plus mas mahal tong item na to compared sa inorder ko. Sana next time idouble check nyo bago nyo iship.,negative
large ang order ko . small ang pinadala ..haisst tma nga ang mga kulay mali nmn ung sizes..medium ung blue large dn order ko.paki aus nmn ngbabayad ng maaus sa inyu palpak nmn kau.,negative
Grabe nman prang nagbalot lng ng ewan wla man lng plastic per tshirt. 4 inorder q tapos gnyan kayo magbalot ng item nyo smantlang s ibng reviews nkplastic pa per tshirt. Nkaka disappoint,negative
5pcs order ko pero 4pcs lang na deliver.. ibabalik ko..,negative
iba ung kulay sa actual...,negative
Wrong color ??,negative
"they don't inform the client about the items not available. I'm so disappointed, who in the right mind will give you 4 same colors of t-shirt",negative
usapan natin seller ladies cut at vneck pero round neck pinadala sa isang item hindi ka magandang kausap sayang pera sayo????????????????,negative
I don't like the t shirt,negative
ordered 2 shirts size XL but products received is not of the same size,negative
so small,negative
maganda ang tela malambot comfy sya isuot. thanks din kay kuya n ngdeliver very accomodating,negative
maganda lng sa picture,negative
"out of the 3 shirts I ordered, they only got 1 correctly. the rest are either wrong color, size or even the actual shirt. ordered 2 v necks ladies, (1 L and 1 M, pink ) and 2 men's round neck (2XL, pink) delivered to me ? 1 med ladies V neck, pink ? 1 xl ladies ROUND NECK, pink ? 1 xl men's round neck, YELLOW ? 1 xl men's round neck, RED you know that it is a hassle to return/refund items. the least you can do is inform your customers if you will not be able to meet the orders.",negative
"okay sana ang quality ng tela, kaso lang po mali po lahat ang ipinadala sa akin. VNECK po ang order ko, tapos round Neck po ang dumating.",negative
I ordered 2 ladies shirts. But what i got is for men. Anu ba kyo hilo na?,negative
Seller is very bad and cheater I bought 4 items nagsingit sila ng isang may butas,negative
Their sizing is too small. Their Large-size is just small for regular sizing.,negative
wrong color gray order ko black pinadala,negative
humahawa po yung de color na damit,negative
i ordered large . dumating .medium. pamigay ko na lang,negative
"Ampanget,sayang pera ko",negative
Very poor quality. Colors are fading,negative
"How many times i ordered in lazada,but all are not my order,the latest is pants(32size),but you drlivered shorts for children My gosh Ni problem with courier its in Lazada",negative
Maliit ang sizes??,negative
sobrang laki ng size niyo. pang ladies ung order ko bat prang pang men ung laki!!!,negative
"Seller is not responsive, this is my first purchase from this seller. I received a damaged item ( Jogger short ) Seller / Rep through chat promised that they will give me a full refund in a form of VOUCHER. It's been a week since then and good news I still don't have the refund. ",negative
"Nakakadisappoint nag order po ako ng 9 pieces mali mali ang sizes will not order again, ang layo pa naman Sorsogon ang delivery, ang mahal ng shipping fee.",negative
